{"init_params": {"cat_dims": [], "cat_emb_dim": [], "cat_idxs": [], "clip_value": 1, "device_name": "cuda", "epsilon": 1e-15, "gamma": 1.5, "grouped_features": [], "input_dim": 35, "lambda_sparse": 5e-05, "mask_type": "sparsemax", "momentum": 0.02, "n_a": 8, "n_d": 7, "n_indep_decoder": 1, "n_independent": 2, "n_shared": 2, "n_shared_decoder": 1, "n_steps": 4, "optimizer_params": {"lr": 0.02, "weight_decay": 0.01}, "output_dim": 3, "scheduler_fn": null, "scheduler_params": {}, "seed": 0, "verbose": 1}, "class_attrs": {"preds_mapper": {"0": "lung_aca", "1": "lung_n", "2": "lung_scc"}}}